{"stats":{"minecraft:dropped":{"artifacts:superstitious_hat":1},"minecraft:killed":{"minecraft:spider":1,"alexsmobs:mungus":8,"alexsmobs:rattlesnake":1,"minecraft:creeper":1},"minecraft:picked_up":{"minecraft:sand":8},"minecraft:custom":{"minecraft:time_since_rest":16937,"minecraft:play_time":16937,"minecraft:sprint_one_cm":10631,"minecraft:walk_one_cm":25066,"minecraft:sneak_time":274,"minecraft:mob_kills":11,"minecraft:drop":1,"minecraft:jump":86,"twilightforest:blocks_crumbled":146,"minecraft:damage_dealt":840,"minecraft:leave_game":1,"minecraft:time_since_death":16937,"minecraft:total_world_time":16937,"minecraft:fall_one_cm":418,"minecraft:fly_one_cm":108719},"minecraft:used":{"aether:sheepuff_spawn_egg":1,"aether:sentry_spawn_egg":1,"aether:flying_cow_spawn_egg":1,"aether:cockatrice_spawn_egg":1,"alexsmobs:spawn_egg_mungus":20,"aether:evil_whirlwind_spawn_egg":4,"alexsmobs:spawn_egg_rattlesnake":1,"twilightforest:ice_bow":1,"aether:aerbunny_spawn_egg":1,"aether:aerwhale_spawn_egg":1,"twilightforest:glass_sword":6,"aether:white_moa_egg":1,"aether:whirlwind_spawn_egg":5,"aether:valkyrie_spawn_egg":1,"aether:phyg_spawn_egg":1,"aether:fire_minion_spawn_egg":1,"twilightforest:crumble_horn":146},"minecraft:mined":{"minecraft:sand":74}},"DataVersion":3465}